{"ptsNomFileName": "C:/Users/rodrigo.neto/Desktop/apps/Script-Automatizacao-SA/data/input/Nominals_06-11-20.xlsx", "ptsMeasFileName": "C:/Users/rodrigo.neto/Desktop/apps/Script-Automatizacao-SA/data/input/Pontos_Levantamento_Imas_Anel_Completo_16-11-2020.xlsx", "lookupFileName": "C:/Users/rodrigo.neto/Desktop/apps/Script-Automatizacao-SA/data/input/framesTable_magnets_v2.xlsx","shiftsB1": {"S01-B03-DIP_B1": -0.192718468, "S01-B11-DIP_B1": 0.516654158, "S02-B03-DIP_B1": -0.678382847, "S02-B11-DIP_B1": 0.403428156, "S03-B03-DIP_B1": -0.209061346, "S03-B11-DIP_B1": 0.432796009, "S04-B03-DIP_B1": -0.240844368, "S04-B11-DIP_B1": 0.062226448, "S05-B03-DIP_B1": -0.550679088, "S05-B11-DIP_B1": 0.160878259, "S06-B03-DIP_B1": -0.013457383, "S06-B11-DIP_B1": 0.237693114, "S07-B03-DIP_B1": -0.116705778, "S07-B11-DIP_B1": 0.205073462, "S08-B03-DIP_B1": -0.243363904, "S08-B11-DIP_B1": 0.093421142, "S09-B03-DIP_B1": -0.117048084, "S09-B11-DIP_B1": 0.040001862, "S10-B03-DIP_B1": 0.09961207, "S10-B11-DIP_B1": 0.440670001,
    "S11-B03-DIP_B1": -0.0745232, "S11-B11-DIP_B1": 0.082378749, "S12-B03-DIP_B1": -0.35665903, "S12-B11-DIP_B1": -0.184469666, "S13-B03-DIP_B1": -0.185176165, "S13-B11-DIP_B1": 0.039325842, "S14-B03-DIP_B1": -0.423854428, "S14-B11-DIP_B1": 0.188630274, "S15-B03-DIP_B1": -0.107600839, "S15-B11-DIP_B1": 0.175057723, "S16-B03-DIP_B1": -0.80164338, "S16-B11-DIP_B1": -0.04249469, "S17-B03-DIP_B1": -0.498261471, "S17-B11-DIP_B1": 0.183877728, "S18-B03-DIP_B1": -0.187419195, "S18-B11-DIP_B1": 0.220834341, "S19-B03-DIP_B1": -0.40749788, "S19-B11-DIP_B1": 0.404596088, "S20-B03-DIP_B1": -0.456565293, "S20-B11-DIP_B1": 0.514851142}}